Id,Name,Occurrences,Interests
f0Bfv3kAAAAJ,Russ Marion,2,[]
ZQ2KiOsAAAAJ,Jan van Aalst,1,['education']
_DsB4dEAAAAJ,Jody Hoffer Gittell,1,"['coordination', 'relational coordination', 'organizational performance', 'organizational change']"
_lbjY-0AAAAJ,JE Thistlethwaite,6,"['medical education', 'interprofessional education']"
tnnB8VYAAAAJ,Kristina Adams Waldorf,1,"['preterm birth', 'pregnancy', 'infection', 'Group B streptococcus', 'Zika virus']"
uLUuZxcAAAAJ,Robert Ford,1,"['First interest', 'Second interest']"
KaVQxF4AAAAJ,Ronald F. Piccolo,1,"['Leadership', 'personality', 'motivation']"
E7jz9aIAAAAJ,Jose Luis Daniel,1,"['Workplace spirituality', 'subcultures', 'leadership']"
MLa0MysAAAAJ,Todd Creasy,1,"['project management', 'management', 'organizational behavior', 'human resources']"
Y6pAGQEAAAAJ,Vittal S. Anantatmula,2,"['projects', 'project management', 'project teams', 'project leadership']"
5Qviur4AAAAJ,Thomas L. Baker,1,"['Marketing', 'Services Marketing']"
M5HO6yYAAAAJ,Adam Rapp,1,"['Sales Force Performance', 'Strategy', 'Technology']"
ZrAOXyUAAAAJ,Tracy Meyer,1,['consumer behavior']
hpfcZQ0AAAAJ,Ryan Mullins,1,"['Sales Force Management', 'Sales Teams', 'Salesperson Performance']"
CeCRbeAAAAAJ,somveer kishnah,1,"['Artificial Intelligence', 'HCI']"
ImBQ8eEAAAAJ,Associate Professor (Dr) Sameerchand Pudaruth,1,"['Artificial Intelligence', 'Machine Learning', 'Deep Learning', 'Computer Vision and Image Processing']"
oSr17h8AAAAJ,Kelly Bedard,2,['labor economics']
C2P59v8AAAAJ,Gary Charness,2,['Experimental Economics']
cGu5Y10AAAAJ,Patrick Renz,1,"['Governance', 'Leadership', 'Strategy', 'Business Ethics']"
XVh4rYIAAAAJ,"Philip S. DeOrtentiis, Ph.D.",1,"['Staffing', 'Social Class', 'Job Search', 'Human Capital', 'Demographic Differences']"
g5MbSeMAAAAJ,James K Summers,1,"['Organizational Behavior', 'Human Resource Management']"
WiKxe6YAAAAJ,Anthony P (Tony) Ammeter,1,"['Organizational Behavior', 'Information Systems', 'Management']"
nYMDbHgAAAAJ,Tom O'Neill,1,['Psychology']
kaJRX24AAAAJ,Matthew McLarnon,1,"['Human Resource Management', 'I/O Psychology']"
vJtoiSEAAAAJ,Timothy M. Franz,1,"['Groups and Teams', 'Improving Team Culture', 'Improving Teaching']"
9rzI2C0AAAAJ,Robert Kaiser,1,['Leadership and organizational performance']
Mi6SDZQAAAAJ,Teresa Ukrainetz,1,"['child language intervention', 'language-related learning disabilities']"
JHM0uuMAAAAJ,Kate Thornton,2,[]
CeXE60wAAAAJ,Sue Cherrington,1,"['early childhood education', 'professional learning', 'ethics']"
mnBrIbUAAAAJ,Kenneth J.  Chapman,1,"['Marketing', 'Consumer Behavior', 'Business Education']"
PNOtGq8AAAAJ,William H. Berman,1,['psychology']
r09prggAAAAJ,Scott J. Allen,1,"['Leadership Development', 'Leadership Education', 'Deliberate Practice']"
ALcemoYAAAAJ,Rosanna Miguel,1,"['Employee selection', 'Leadership development', 'Recruitment', 'Management Education']"
RGPo35MAAAAJ,Debra A. Harkins,3,"['Social justice', 'Service learning', 'narrative research']"
Y8lCQ0wAAAAJ,Bhagwan Satiani,2,"['Vascular Disease', 'Surgery']"
--OKXnIAAAAJ,Prof. Dr. Othmar M. Lehner,1,"['Accounting and Organisational Theory', 'Sustainability Accounting and Impact Investing', 'Ethics and AI']"
_Q_uaGUAAAAJ,Wowek Sean Kearney,1,"['school climate', 'school culture', 'bullying', 'school leadership']"
EpFG0A4AAAAJ,Maura MacPhee,1,"['health human resources', 'healthcare leadership/administration', 'nursing workforce', 'higher education']"
XyFgEU0AAAAJ,Dr.Victor Lazarus,2,['Human Resources Management']
-tvC8ZgAAAAJ,Michael B Harris,1,"['Physiology', 'Neuroscience']"
MAeIzQMAAAAJ,John Bryson,1,"['Strategic planning', 'strategic management', 'leadership', 'collaboration', 'public management']"
5gzPytgAAAAJ,Fran Ackermann,1,"['strategy', 'risk management', 'problem structuring', 'negotiation']"
iEYUdaYAAAAJ,Colin Eden,1,"['strategy', 'project management', 'operations research', 'action research']"
BI1K3IsAAAAJ,Amanda Hund,1,"['host-parasite interactions', 'evolution', 'behavioral ecology', 'speciation']"
7H37aigAAAAJ,Amber Churchill,1,['Plant Community-Ecosystem Ecology']
fJYUc-cAAAAJ,Akasha Faist,1,['Rangeland Restoration ecology']
MlMDXeEAAAAJ,Lynn E. Metcalf,1,"['marketing', 'entrepreneurship']"
bzmH088AAAAJ,Hussein A. Abbass,1,"['Artificial Intelligence', 'Autonomous Systems', 'Cognitive Engineering', 'Human-Swarm Interaction', 'Trusted Autonomy']"
QAwizhcAAAAJ,Eleni Petraki,1,"['Conversation Analysis', 'Linguistics', 'TESOL', 'Trusted autonomy']"
d9LhwwMAAAAJ,Monica Moran,1,"['Interprofessional health teams', 'rural & remote', 'person-centred', 'occupational therapy']"
zZ7NpH4AAAAJ,Rita Kosnik,1,[]
3GbouRsAAAAJ,Jacob K Tingle,1,"['sports officials', 'volunteers', 'campus recreation']"
07F1rcwAAAAJ,Susan S. Raines,1,"['Mediation', 'Online', 'Environmental', 'Management']"
rszoH0AAAAAJ,Constantine Andriopoulos,1,"['Innovation Management', 'Corporate Entrepreneurship', 'Paradox', 'Ambidexterity', 'Product Development']"
JwzVPWYAAAAJ,Patrick Dawson,1,"['Organizational Change', 'Stories', 'Processual', 'cellular manufacturing', 'change']"
nwo1JGUAAAAJ,Jan Terje Karlsen,1,"['Project management', 'risk management', 'stakeholder management', 'knowledge management']"
mxN2aq0AAAAJ,Kristin K. Janke PhD,1,['Pharmacy Education']
rViX0TMAAAAJ,Nitin Nohria,1,[]
2hjzVM8AAAAJ,Gregory A. Howell,1,"['Lean Construction', 'Production Management', 'Project Management', 'Construction Productivity']"
cDs3DM8AAAAJ,Longbing Cao,1,"['Data science', 'Artificial intelligence', 'Machine learning', 'Behavior informatics', 'Financial modeling']"
yZRR8f0AAAAJ,Pratibha Varma-Nelson,1,"['Chemical Education', 'Origin of Life']"
bt4BBLUAAAAJ,Brian Coppola,1,[]
n2kdLOsAAAAJ,Maria C. Yang,1,"['Product design', 'Product development', 'Design representation', 'Human-Centered Design', 'Sustainable Design']"
Tr45FesAAAAJ,Yan Jin,1,"['Engineering Design', 'Multi-agent Systems', 'Project Management', 'Collaborative Engineering', 'Design Cognition']"
mw26gjAAAAAJ,Michael Marquardt,1,['Action Learning']
Ilqhh68AAAAJ,"David E. Sandberg, PhD",1,"['gender differences', 'disorders of sex development', 'short stature', 'growth hormone']"
XU1xaUIAAAAJ,Heather Royer,1,['Economics']
OTzKua0AAAAJ,Steve Woodfield,1,"['Higher Education Policy', 'International Higher Education', 'Leadership and Management in Higher Education']"
6C_ucKAAAAAJ,Tom Kennie,1,['leadership development']
pNXlS2kAAAAJ,Peter Shaw,2,['Collembola']
EmFk5UkAAAAJ,Chung-An Chen,1,"['public administration', 'public management', 'organizational theory', 'organizational behavior']"
kWSLQJgAAAAJ,Hal Rainey,1,"['public management', 'organization theory', 'organizational behavior']"
VAkhCzgAAAAJ,"Lynn Kysh, MLIS, MPP",1,"['Medical Librarianship', 'Systematic Reviews', 'Scoping Reviews']"
1JGKidkAAAAJ,Orin C. Davis,2,"['Self-Actualization', 'Optimal Experience (Flow)', 'Creativity', 'Mentoring', 'Hypnosis']"
vNx4Sz8AAAAJ,Sylvaine Castellano,1,"['Management', 'Institutional and competitive dynamics']"
I82sQs8AAAAJ,KHELLADI Insaf,1,"['Consumer behavior', 'Digital marketing', 'Human-technology interaction', 'Financial marketing']"
M0PUd4AAAAAJ,"Hamid Abdirad, Ph.D.",1,"['Digital Project Delivery', 'Building Information Modeling', 'Design Technology', 'Computational Design', 'Virtual Design and Constructio']"
N2VJmc8AAAAJ,Pardis Pishdad-Bozorgi,1,"['Integrated Project Delivery (IPD)', 'Trust-Building', 'Blockchain', 'Flash Tracking', 'Building Information Modeling (BIM)']"
7wb4YqkAAAAJ,Harald Dolles,1,"['Sport Management', 'International Business']"
qdw_1v0AAAAJ,Sten Söderman,1,"['International Business', 'Sport Management']"
iwFFsdIAAAAJ,David Mauger,1,"['biostatistics', 'clinical trials', 'asthma']"
uGK-PIwAAAAJ,David V. Day,1,"['leadership', 'leadership development', 'organizational behavior']"
bwYrDuIAAAAJ,Muhammed Kürşat Timuroglu,1,['Yönetim ve Organizasyon']
WaXbRGYAAAAJ,Patricia Browne-Ferrigno,1,['educational leadership']
XhVvaGMAAAAJ,"Lalena M Yarris, MD, MCR",1,"['Education Research', 'Feedback', 'Faculty Development']"
NNouqegAAAAJ,"Wendy C. Coates, MD",1,"['Emergency Medicine', 'medical education and research', 'mentoring', 'faculty development', 'dance medicine']"
wO8uh0UAAAAJ,"Michelle Lin, MD",1,"['Emergency Medicine', 'medical education', 'social media', 'innovative technologies']"
tO08lRIAAAAJ,Michael J. Peeters,1,['Assessment/psychometrics in pharmacy education']
63AIAnkAAAAJ,Varun Vaidya,1,[]
S7_O2ioAAAAJ,Ray Aldag,1,"['Behavioral Decision Making', 'Organizational Culture', 'Emotions at Work', 'Job Design', 'Group Decision Processes']"
6xBtOX8AAAAJ,Andre Nault,1,"['Veterinary Education', 'open-access']"
8zLSwaoAAAAJ,Dr. Siva Dorairaj,1,"['Software Engineering', 'Agile', 'eLearning']"
SSUL-D8AAAAJ,James Noble,1,"['Object-Orientation', 'Programming Languages', 'Software Engineering', 'Agile Software Development', 'Formal Methods']"
pcwY30MAAAAJ,JELENA LUKIĆ NIKOLIĆ,1,"['Organization Design', 'Organization Behavior']"
1AglcCIAAAAJ,이창길 Chang Kil Lee,1,"['Organization Theory', 'Human Resource Management', 'Government Reform', 'Network Analysis']"
hX-DErgAAAAJ,M. Jae Moon (문명재),1,"['public management', 'digital government', 'organization theory', 'comparative public administration']"
IQkj5L0AAAAJ,"Beth Ulrich, EdD, RN, FACHE, FAONL, FAAN",1,"['work environment', 'preceptors', 'transition to practice', 'nephrology']"
kNGp5YQAAAAJ,"LauraAnn Migliore, Ph.D.",2,"['Data Analytics/Big Data', 'Machine Learning', 'Cross-Cultural Competence', 'Leadership Development', 'Strategic HR']"
LUA1B4gAAAAJ,Tracy X. P. Zou,2,"['Higher Education', 'International Education']"
lLJFTP4AAAAJ,Natalie Coers,1,"['agricultural leadership', 'leadership development', 'international agriculture', 'study abroad']"
QPNS0ZgAAAAJ,James C Anderson II,1,['Agricultural Leadership Studies']
YOdS-TAAAAAJ,Mila Hakanen,2,[]
iEjy8p4AAAAJ,Eran Vigoda-Gadot,1,"['Public Administration', 'Public Management', 'Governance', 'Organizational Politics', 'Citizenship Behavior']"
yvv-7fEAAAAJ,Dana Vashdi,1,"['organizational behaviour', 'public administration']"
-LDA5ZUAAAAJ,Hassan Imam,1,"['Work behaviours', 'employability', 'careers', 'Leadership']"
UwsIz48AAAAJ,Jason Davies,1,[]
_eKqQ_IAAAAJ,Johanna Rothman,1,"['management', 'project/program management', 'project portfolio management', 'agile', 'hiring']"
H7PB1LYAAAAJ,Alan Eberhardt,1,['biomechanics']
tQ-W0UUAAAAJ,Ophelia Johnson Wells,1,"['Virtual Reality', 'Devices', 'Machine Learning', 'Education', 'STEAM']"
rMQEH9wAAAAJ,Dr. Andrew P. Friesen,1,"['Sport psychology', 'emotion regulation', 'applied research', 'group dynamics']"
YhRRAkwAAAAJ,Kenneth De Meuse,1,"['Leadership Development', 'High Potential Talent', 'Organizational Downsizing', 'Teams']"
-MDHFe0AAAAJ,Jeffrey Clark Joe,1,[]
nsdtOb4AAAAJ,Johanna Oxstrand,1,['Human Factors']
sMuNA8EAAAAJ,Anne Haugen Gausdal,1,"['Trust and trust building', 'inter-organizational networks', 'safety leadership', 'emergency management', 'workplace']"
sJcvpzkAAAAJ,Isabel C. Moura,2,"['Teamwork and High-performing teams', 'Improving teaching and learning', 'Computer science education']"
uOQVq3UAAAAJ,Caroline Dominguez,2,"['critical thinking', 'higher education', 'project management', 'process management', 'industrial management']"
GdqB_HoAAAAJ,João Varajão,2,['Information Systems and Project Management']
O9CN5ZEAAAAJ,"Muhammad Taufiq Amir, Ph.D",1,"['Positive organizational scholarship', 'Positive Leadership', 'Corporate Entrepreneurship']"
S078Z_EAAAAJ,Kara Dawson,1,"['Educational technologies and teacher education', 'Educational technologies and professional development', 'Educational technologies']"
WdZQ0O8AAAAJ,Cathy Cavanaugh,1,['Learning environments for students and educators']
Wmq8HEEAAAAJ,Christopher Sessums,1,['learning + design + innovation']
TshOVxIAAAAJ,Erik W Black,1,"['Interprofessional Education', 'Health Professions Education', 'Assessment and Evaluation', 'Pediatrics']"
c39Ti9AAAAAJ,Kirk Astroth,1,"['Youth development', 'youth programs', '4-H', 'curriculum']"
11tVPhkAAAAJ,Sayyed Rashid Shah,1,"['Teacher Leadership', 'Teacher Development']"
DbhzeTUAAAAJ,ZURAIDAH JULIANA MOHAMAD YUSOFF,1,"['education management', 'leadership', 'motivation', 'organisation management']"
nR09y0gAAAAJ,Yahya  Don,1,['school leadership and managerial psychology']
mQ2kLisAAAAJ,Siti Noor Ismail,1,['Quality in Education']
kbIQXiAAAAAJ,Steve Portenga,1,"['Performance pressure', 'Neuroscience of high performance', 'Technology and behavior change', 'Biofeedback']"
bMMVe8YAAAAJ,Mark Aoyagi,1,['Sport & Performance Psychology']
y2eRG1YAAAAJ,Som Sekhar Bhattacharyya,1,['Strategy and Entrepreneurship']
vGtAAcYAAAAJ,Prof. Sumi Jha,1,"['Strategic Leadership', 'Employee Empowerment', 'Workplace loneliness']"
kQowEq0AAAAJ,Jeffrey Buller,1,"['administration', 'leadership', 'classics', 'professional development']"
4sHtI0AAAAAJ,Silvia Lizett Olivares Olivares,1,"['Educación Médica', 'Calidad']"
VRcTzqgAAAAJ,Joann Farrell Quinn,1,"['leadership', 'emotional and social competencies', 'identity', 'professionalism', 'physician leadership']"
f3lZungAAAAJ,Elizabeth Boling,1,"['design pedagogy', 'design research', 'design knowledge', 'visual design for learning']"
sZ_nSuIAAAAJ,Martin A Siegel,1,"['design pedagogy', 'interaction design', 'experience design', 'computer based education', 'digital learning environment']"
0f-naLMAAAAJ,Michael Waterman,1,['Agile software development']
mQmTGUoAAAAJ,Sheila Simsarian Webber,1,[]
enCEqlgAAAAJ,Jodi Detjen,1,[]
3U_p_gIAAAAJ,Tammy MacLean,1,[]
kdyRvDgAAAAJ,Dominic Thomas,1,"['information systems', 'virtual teams', 'socio-technical systems', 'collaboration']"
w4zG56EAAAAJ,Robert Hogan,1,"['psychology', 'personality', 'leadership', 'leadership development', 'talent management']"
iiz1Z6wAAAAJ,S Alexander Haslam,1,"['Social identity', 'Identity', 'Social psychology', 'Group processes', 'Leadership']"
mtpqKTkAAAAJ,GRAHAM B JONES,2,"['drug delivery', 'technology innovation', 'digital health', 'digital medicine', 'digital biomarkers']"
VRqoh2cAAAAJ,Justin M. Wright,2,"['innovation', 'digital health', 'connected health']"
0zmf-roAAAAJ,Crystal Machado,2,"['early childhood', 'writing development and instruction', 'curriculum', 'leadership', 'mentoring']"
wIdzoc8AAAAJ,Thais da C. L. Alves,1,"['Construction Engineering and Management', 'Lean Construction', 'Project-based Management', 'Engineering Education']"
SpiymwgAAAAJ,Dean Reed,1,"['Lean Construction', 'Virtual Design & Construction', 'Integrated Project Delivery']"
irPu_UUAAAAJ,Paul Paulus,1,"['groups', 'social psychology', 'organizational psychology', 'creativity', 'innovation']"
z0AQMNEAAAAJ,Jared Kenworthy,1,"['Social Psychology', 'Intergroup Relations', 'Intergroup Contact', 'Group Dynamics', 'Group Creativity']"
amtcXpQAAAAJ,Frode Drevland,1,[]
sGW3w9YAAAAJ,Jardar Lohne,1,"['ethics', 'project management', 'Fénelon', 'coins']"
6-GuaHAAAAAJ,Ole Jonny Klakegg,1,"['Project Management', 'Project Governance']"
dsSCssoAAAAJ,Dr. hamada fawzy abuzid,1,['leadership and quality']
CiRT4gQAAAAJ,David Kommer,1,[]
AT-q6IUAAAAJ,Harry Sax,1,['Patient Safety. Surgery. Medical Economics']
BwPVBnEAAAAJ,Grete Rindahl,1,"['organizational ergonomics', 'safety', 'integrated operations', 'nuclear decommissioning']"
-wN-sFUAAAAJ,Jon McCormack,1,"['Creativity', 'Electronic Art', 'Evolutionary Art & Music', 'Generative Art', 'Sound Art']"
LuBGvdAAAAAJ,Patrick Hutchings,1,[]
DBl8Dn8AAAAJ,Toby Gifford,1,['Interactive Music Systems']
VND7iOIAAAAJ,Matthew Yee-King,1,"['Computer Music', 'Sound Synthesis', 'Autonomic Agents', 'Education Technology', 'Computing Education']"
XjjgHWoAAAAJ,Barbara Neuhofer,1,"['Experience Design', 'Positive Psychology', 'Transformative Experience', 'eTourism']"
9jWAU7QAAAAJ,Roman Egger,1,"['eTourism', 'Data Science', 'Tourism Management', 'Innovations in Tourism']"
dJMIIGoAAAAJ,Sara Horton,1,['Education']
uwKypzEAAAAJ,Terry Eggenberger,1,"['interprofessional practice', 'caring science', 'leadership']"
yCI0HgIAAAAJ,Rose O Sherman,2,"['nursing leadership', 'healthcare leadership', 'strengths coaching']"
q3qrvBoAAAAJ,Kathryn B. Keller,1,"['Cardiac Arrhythmia Knowledge', 'Interprofessional Communication & Teamwork', 'Caring Science']"
JUhEkTgAAAAJ,Patrick Brian Bell,1,['School Psychology']
ir2eSuMAAAAJ,"Pascale Benoliel, PhD",1,"['Educational leadership and Policy', 'Global Governance', 'Team Leadership', 'Boundary Management', 'Minorities']"
PxHxHCQAAAAJ,Anit Somech,1,"['Organizational Psychology', 'OCB', 'Teamwork']"
xHDKvUQAAAAJ,Thomas R Harvey,1,['leadership']
bZCDuAcAAAAJ,Manuel London,1,"['Leader Development', '360 Degree Feedback & Coaching', 'Training', 'Performance Management', 'Promotion Decisions']"
9cVi1u0AAAAJ,Winston Sieck,1,['Cognitive Psychology']
Pi0A91kAAAAJ,Shane T. Mueller,1,"['applied cognitive psychology', 'XAI', 'cognitive modeling', 'applied cognitive science', 'mathematical psychology']"
d18BBGsAAAAJ,Caroline Letor,2,"['organisation scolaire', 'Leadership', 'organisation apprenante', 'travail collaboratif']"
ZZ_ev7YAAAAJ,SUKARMAN PURBA,1,[]
o9wFmrcAAAAJ,Erika Revida,1,['Public Administration']
w0YiZlIAAAAJ,BONARAJA PURBA,1,"['PENDIDIKAN TEKNIK MESIN', 'ILMU EKONOMI']"
d_AA10AAAAAJ,MULIANA MULIANA,1,['biologi galus']
JQGuTMsAAAAJ,"Robert K. Cameron, Ph.D",1,"['Agile methods', 'agile systems engineering', 'lean methods']"
LOgIg74AAAAJ,Professor Michelle Cleary,1,"['Nursing', 'Mental  Health', 'Research', 'Leadership']"
MTBx4DoAAAAJ,"Paul Barach, B.Med.Sci, MD, MPH, Maj (ret.)",1,"['Patient/Surgical Safety', 'quality improvement', 'human factors', 'handoffs', 'implementation science']"
j6u2ghYAAAAJ,Peter Cosman,1,"['Surgery', 'Cancer', 'Obesity', 'Medical Education', 'Medical Informatics']"
hphwRhgAAAAJ,Eric R. Wright,1,"['Medical Sociology', 'Mental Health and Addictions', 'Sexual Health', 'LGBTQ Studies', 'HIV/STI Prevention']"
0tcE_7AAAAAJ,David R. Dunaetz,2,"['Organizational Psychology', 'Social Psychology', 'Missiology', 'Conflict']"
Uj-sclIAAAAJ,Gordon D Hoople,1,"['Engineering Education', 'Design', 'Engineering Ethics', 'STEAM']"
MEUtCZYAAAAJ,Austin Choi-Fitzpatrick,1,"['Social Movements', 'Human Rights', 'Political Sociology', 'Technology', 'Innovation']"
rnfka0IAAAAJ,J. Ignacio Canales,1,"['Strategy Making Process', 'Dynamic Capabilities', 'Subsidiary Strategy', 'Evolution']"
_yTE-pgAAAAJ,Adrian Caldart,1,"['corporate strategy', 'international business']"
dHbOyVAAAAAJ,David Desplaces,1,"['entrepreneurship', 'regional development', 'economic freedom']"
AT15BZMAAAAJ,Judy McKimm,1,"['medical education', 'leadership']"
pCEG2YAAAAAJ,Alison Clark,1,"['Participatory methods', ""young children's rights"", 'slow pedagogies', 'early childhood design']"
ZtwF69sAAAAJ,Justin Purl,1,[]
1kBXy70AAAAJ,Rodger W. Griffeth,1,['Employee turnover and retention']
mpvXBokAAAAJ,Lawrence Hamer,1,['Marketing']
LdgIakUAAAAJ,Matthew R. Fairholm,3,"['Public Administration', 'Leadership']"
ir5zSI8AAAAJ,Michael K. Dzordzormenyoh PhD,1,"['Criminal Justice', 'Healthcare', 'Immigration', 'Election', '& Education']"
L4-4Tm0AAAAJ,Silvia Lorincova,1,"['human resource management', 'corporate culture', 'employee motivation', 'personal management']"
d4ZOxKYAAAAJ,Zdenko Stacho,1,['management']
75akAncAAAAJ,Jonathan Eckert,1,"['collective leadership', 'teaching quality', 'continuous improvement', 'assessment', 'STEM']"
zcnND0wAAAAJ,Prof. Dr. Naveed Akhtar,1,"['Management', 'Learning organization', 'HR', 'Strategy']"
-QcMzy4AAAAJ,Thomas E. Doyle,1,"['Medical AI', 'Machine Learning', 'Deep Learning', 'Artificial Intelligence', 'Cyber-Physical-Health-Systems']"
bqqlYxAAAAAJ,Jody Condit Fagan,1,"['Academic Libraries', 'Web Technologies', 'Leadership']"
RQ4JrvkAAAAJ,Jennifer A Keach,1,"['Workplace Learning', 'Organizational Development', 'Productivity', 'Career Development', 'Leadership']"
ks8tbGUAAAAJ,Shamaila Gull,1,"['Management', 'Organizational Behaviour', 'Sustainability', 'Human Resource Management', 'Marketing Management']"
MIck3YcAAAAJ,Prof Sattar Bawany,2,"['Transforming Next Generation of Leaders', 'Organisational Development', 'Leading in a VUCA World']"
BcFsoAUAAAAJ,"Badaruddin Bin Ibrahim, Ph.D.",1,"['Engineering Design', 'Mechanical Engineering', 'Test and Measurement in Education', 'Engineering Education']"
S5nBbRsAAAAJ,Josette M.P. Gevers,1,"['organizational behavior', 'teams', 'time management', 'creativity', 'adaptation']"
BUs6KHcAAAAJ,arshad samad,2,"['Grammar Instruction', 'Language Assessment and Corpus Studies']"
uQ1CKLcAAAAJ,Alec Grant,1,"['Qualitative Research', 'Autoethnography', 'Narrative Inquiry']"
p1FOZfgAAAAJ,Deborah Smith,1,"['Audit', 'Payout Policy', 'Agency Theory', 'Earnings management']"
VPUOmAwAAAAJ,Tracy H. Porter,1,"['Health Care Administration', 'Strategic Human Resource Management', 'Individual Differences']"
yiw44i4AAAAJ,E. G. Verlander,1,"['Business', 'Management', 'Consulting', 'Organization Behavior', 'Strategy']"
JW9kTXEAAAAJ,Yuha Jung,2,"['Museum Studies', 'Systems Thinking', 'Arts Administration', 'Cultural Diversity', 'Ethnography']"
K6wdWM0AAAAJ,Ted Eschenbach,1,"['engineering economy', 'social security', 'agile', 'real options']"
or0uFhMAAAAJ,Neal Lewis,1,"['Engineering Management', 'Engineering Economy', 'Operations Management']"
NmIpigkAAAAJ,Gillian Nicholls,1,"['Engineering Economic Analysis', 'Operations Management', 'Decision Making', 'Engineering Education']"
5Be7gMIAAAAJ,Matthew Eriksen,1,"['Leadership', 'Leadership Development', 'Leadership Storytelling']"
IBX7E_cAAAAJ,Mariza Andrade,1,['statistical genetics']
pVv3CdUAAAAJ,BRATIANU CONSTANTIN,1,"['Knowledge Management', 'Academy of Romanian Scientists']"
7y29gFAAAAAJ,Simona Vasilache,1,[]
Y7J31msAAAAJ,Dr Abdussalam Shibani,1,"['TQM', 'BIM', 'PM']"
sCMokQIAAAAJ,David Clutterbuck,2,"['Mentoring', 'coaching', 'systemic talent management', 'team coaching', 'coaching supervision']"
zU5xiRcAAAAJ,Heejung Ro,1,"['service encounter', 'consumer behavior', 'LGBT consumer behavior', 'service management']"
5krOwBUAAAAJ,Rilla Hynes,1,['leadership management']
H7Yvp_kAAAAJ,Joel Bennett,1,"['Resilience', 'Health', 'Leadership', 'Prevention', 'Organizational Behavior']"
U-havMUAAAAJ,Colin Neill,1,"['software engineering', 'systems engineering', 'engineering education']"
qY9wi0cAAAAJ,Phillip Laplante,1,[]
WSx8wPAAAAAJ,Joanna F. DeFranco,1,"['Computer Security', 'distributed ledgers', 'blockchain', 'Internet of Things', 'IoT']"
lPH0Vi8AAAAJ,Erich Bergiel,1,"['Teams', 'Shared Mental Models', 'Conflict']"
0Iy-uBIAAAAJ,Charles A. Nelson,1,"['face processing', 'autism', 'adversity', 'brain development']"
1zDVlncAAAAJ,Mark Widmer,1,"['adventure therapy', 'wilderness therapy', 'positive psychology', 'positive organizational scholarship']"
Zv06i9gAAAAJ,Mat D Duerden,1,['experience design']
NzWIEV0AAAAJ,Jeffrey Moore,1,"['Moral Development', 'Organizational Development', 'Consulting', 'Inclusive teams']"
7nys-0EAAAAJ,Марина Макарченко,1,"['теория организации', 'организационная культура', 'управление']"
CERn0MkAAAAJ,"Adrian Pyszka, Ph.D.",1,"['Corporate Social Responsibility (CSR)', 'Social Innovations', 'Startups', 'Human Resource Management (HRM)', 'AI and work automation']"
w7mFQhAAAAAJ,Christian Siregar,1,"['Religion', 'Character Education', 'Communication']"
3JBZ_dcAAAAJ,Murty Magda Pane,1,"['Psikologi', 'Lingkungan Hidup', 'Pendidikan Karakter', 'Bisnis']"
uDBQEeYAAAAJ,Yustinus suhardi Ruman,1,"['Sociology', 'Philosophy']"
qf1zoiwAAAAJ,Christian Ketel,1,"['Health Disparities', 'Community-Based Care']"
bx_yHWUAAAAJ,samuel bassetto,1,"['quality', 'process']"
ZLYuDjkAAAAJ,Brian Engelland,1,"['marketing', 'marketing education', 'marketing measurement']"
wYVsVfcAAAAJ,Antoni Lluís Mesquida Calafat,1,"['Project Management', 'Software Process Improvement', 'Lean & Agile Project Management']"
-BvbLQYAAAAJ,Antònia Mas Pichaco,1,"['Project management', 'Software Process Improvement', 'Lean&Agile Project management']"
zdpJKLEAAAAJ,Tony Smith,2,"['Leadership and Organisation Development in Health Services', 'Public Health', 'Health Policy']"
FZWMvQEAAAAJ,Prof Andrew Booth,1,"['Qualitative evidence synthesis', 'Realist Synthesis', 'Evidence based library and infornation practice', 'Evidence based healthcare']"
Tl0kZYkAAAAJ,Steven M Ariss,1,"['Complex Evaluation', 'Health Service Design', 'Interdisciplinary Teamworking', 'Mixed Methods', 'Realist Evaluation & Synthesis']"
DwoBZ74AAAAJ,Jozef Hvorecký,1,"['Computer Education', 'Knowledge Management']"
Gr-RyWUAAAAJ,Anette Søgaard Nielsen,1,[]
r0QaVw8AAAAJ,Erin S. Barry,1,"['Leadership', 'Followership', 'Healthcare teams']"
xGbN2HMAAAAJ,Holly Meyer,1,['medical education']
Dkcv5eIAAAAJ,Dr. Taimur Sharif,1,"['International Business', 'Finance', 'Economics']"
A9PaA1AAAAAJ,Bryan Schaffer,1,"['Teams', 'Diversity', 'Organizational Behavior']"
frdq-aAAAAAJ,Jennifer Manegold,1,"['organizational justice / fairness', 'ethics', 'work/family', 'teams']"
4yYDfDgAAAAJ,Kate Thompson,1,"['learning sciences', 'educational technology', 'CSCL', 'design for learning']"
PFifM5MAAAAJ,Deana Pennington,1,"['Human/Environmental Systems', 'Interdisciplinary Science', 'Knowledge Synthesis', 'Scientific Scenarios']"
LPnPdOcAAAAJ,Rebecca M. Reck,2,"['Engineering Education', 'Instructional Laboratories', 'Experiential Learning', 'Systems Engineering', 'Electrical Engineering']"
DKI15QIAAAAJ,Asier Aranzabal,1,['Catalyzed reaction engineering']
GSz-0cgAAAAJ,Eva Epelde,1,['Ingeniería química']
UGA7HZ8AAAAJ,Katja Einola,1,"['leadership', 'HRM', 'teams', 'higher education', 'research methods']"
q92UQgoAAAAJ,viktor freiman,1,"['mathematics education', 'creativity and giftedness', 'technolgy', 'interdisciplinarity', 'innovations in teaching and learning']"
NH0OXHoAAAAJ,Alain Fernandez,1,"['Management', 'Prise de Décision', 'Mesure de la Performance']"
PsETBDkAAAAJ,James R. Calvin,1,"['leadership', 'diversity management', 'community development']"
9w2QZgwAAAAJ,Daniel Ojuka,1,['Breast and Endocrine Surgery']
QRV2wZwAAAAJ,Christian Jacobsson,1,[]
ZSWQ50wAAAAJ,Toon Abcouwer,1,"['organisational change', 'resilience', 'information management']"
BEzmuqYAAAAJ,Linnea Lyding,1,"['Embodied Cognition', 'movement in education']"
XncuVOMAAAAJ,Laurie Wellner,1,['Special Education/Educational Leadership']
r5aXi0EAAAAJ,Suzann Girtz,1,"['education', 'teaching', 'school change', 'reform', 'assessment']"
CdvS_WYAAAAJ,Trevor N. Fry,1,"['People Analytics', 'Industrial/Organizational Psychology', 'Employee Retention', 'KPI Goal Setting', 'Team Effectiveness']"
_JYUCtgAAAAJ,Jessica L. Wildman (Wildones),1,"['diversity', 'DEI', 'culture', 'trust', 'teams']"
I_-JewQAAAAJ,Claudia Nagel,1,[]
8hz733cAAAAJ,Kim C. Graber,1,"['physical education', 'pedagogy']"
-5WOJccAAAAJ,wojtek chodzko-zajko,1,['Physical activity and public health']
y8tRSRkAAAAJ,David Rhys Axon,1,"['Pharmacy', 'Health Economics and Outcomes Research']"
T9un9vgAAAAJ,Terri Warholak,1,[]
Kv0WYnEAAAAJ,John Hertig,1,"['Patient Safety', 'Leadership', 'Innovation']"
jmTm7ZgAAAAJ,Kevin Black,1,['Experimental High Energy Physics']
vIBF7sUAAAAJ,Jonathan Passmore,1,"['Coaching', 'psychology', 'leadership', 'change']"
4XBWi_wAAAAJ,Monica Vela,1,"['medical education', 'cultural competency', 'diversity', 'disparities', 'health']"
huR3mk0AAAAJ,Susan K. Fan,1,"['Organizational Leadership', 'Leader/Follower Relationships', 'Immigrant Family Reseach.']"
gVln19QAAAAJ,Sukma Putra,1,"['Leadership', 'Management']"
C-Ip7oUAAAAJ,Sarah Mares,1,"['perinatal/ infant child & family mental health', 'complex trauma', 'refugees asylum seekers', 'human rights']"
ziSHPvUAAAAJ,Gary Robinson,1,"['Aboriginal families', 'early intervention', 'parenting', 'youth suicide']"
7k45T8YAAAAJ,Mike Voight,1,"['leadership', 'mental toughness', 'team building']"
jx4G7QgAAAAJ,Erik Jones,1,"['Europe', 'Political Economy', 'Transatlantic Relations']"
_WrK108AAAAJ,Dongsheng Li,1,"['Distributed Computing', 'Parallel Computing', 'Cloud Computing', 'Peer-to-Peer  Computing', 'Big Data']"
v_hXlGYAAAAJ,Leonard Momeny,1,"['leadership', 'field theory', 'christian studies', 'and space studies']"
D2vsiCEAAAAJ,Mariana Usheva,1,"['Управление на човешките ресурси', 'управленска психология', 'лидерство', 'у']"
jjw-LWMAAAAJ,Gene Kim,1,"['DevOps', 'information security', 'continuous delivery', 'accounting', 'finance']"
MoAkIU4AAAAJ,Jez Humble,1,"['Software Engineering', 'Software Testing']"
vis0ZxUAAAAJ,Nicole Forsgren,1,"['DevOps', 'productivity', 'IT use & impacts', 'knowledge management & kms']"
npFamNwAAAAJ,"Emre Erbaş, PhD.",1,"['Managerial Economics', 'Strategizing', 'Mixed-Methods', 'Institutionalism', 'Sociology']"
Bh3iD2oAAAAJ,Nilüfer Şahin Perçin,1,[]
oDZuCLcAAAAJ,Bernardo Nicoletti,1,"['Lean Thinking', 'Procurement', 'Financial Services', 'Artificial Intelligence', 'Cybersecurity']"
CE0-r5YAAAAJ,Danijela Lalic,1,"['Business Communication', 'Public Relations', 'Marketing']"
n8bSjBkAAAAJ,Lindsey Baker (Walker),1,"['Interior Design', 'Workplace Design', 'Communication Networks']"
t2neqyMAAAAJ,"Robert T Palmer, Ph.D.",1,"['Black males', 'HBCUs', 'minoritized students in higher education', 'college access and success', 'MSIs']"
SIGgIjMAAAAJ,Andrew T. Arroyo,1,[]
-wZml5IAAAAJ,"Alonzo M. Flowers III, PhD",1,"['Men of Color', 'STEM Education', 'Academic identity development']"
7DWWWZ8AAAAJ,Pravir Malik,2,"['Complex Adaptive Systems', 'Cosmology of Light', 'Mathematics of Innovation', 'Organizational Development', 'Fractals']"
E7stYmIAAAAJ,Steve Cardwell,1,"['student engagement', 'student voice', 'leadership']"
YnQK7ZMAAAAJ,Angela N. Spranger,1,"['Antisocial workplace behavior', 'emotional intelligence', 'women in leadership', 'followership', 'organizational engagement']"
4fWdbB4AAAAJ,Dory Quinn,1,['Social Work']
aJGeInwAAAAJ,Memoona Hasnain,1,"['Social Justice', 'Health Equity', 'Health Workforce Development', 'Patient-centered Care', 'Humanism']"
tAjQegMAAAAJ,Terry Adler,1,"['Strategic Management', 'Project Management', 'Inter-Firm Governance']"
JXxsyNIAAAAJ,"Thomas G. Pittz, Ph.D.",1,"['Entrepreneurship', 'Strategy', 'Innovation']"
u1W1AYkAAAAJ,Lotta Andersson,1,"['water', 'climate', 'participation']"
k6bUYjcAAAAJ,Leon Pretorius,1,"['Engineering and Technology Management', 'Mechanical Engineering', 'System Dynamics', 'Energy']"
FedfczoAAAAJ,Laura Senn,1,[]
aam_tokAAAAJ,Jacques Neatby,2,['Leadership teams']
NPGQJiMAAAAJ,Caroline Aubé,2,"['Team effectiveness', 'counterproductive behaviors', 'leadership']"
cX3gQXwAAAAJ,Eugenia Beh,1,"['scholarly communications', 'licensing', 'electronic resources', 'library and information science']"
02IYfxMAAAAJ,Peter Mallory,1,[]
11vo6ckAAAAJ,Laura Eramian,1,"['Rwanda', 'personhood', 'political violence', 'political anthropology', 'anthropology of friendship']"
0QxGenMAAAAJ,Doug Reeve,1,['engineering leadership']
-cls0p0AAAAJ,Woralak Bancha,1,"[""Teacher' s beliefs"", 'teacher cognition', 'vocabulary', 'English as an International Language']"
xu_JHsQAAAAJ,Bas Flipsen,1,"['sustainability', 'design', 'repair', 'circular', 'energy']"
i7zitooAAAAJ,Nigel Pegram,1,"['Stress and Burnout', 'Emotional Intelligence', 'Old Testament', 'Hebrew Bible', 'Christian Ministry']"
GLloTS8AAAAJ,Alex Grasas,1,"['Agile', 'Operations', 'Lean Health']"
ubqrmt8AAAAJ,Heni Sukrisno,1,['Pendidikan Matematika dan Management Pendidikan']
HrCFRV8AAAAJ,Adam Sulich,1,"['statistics', 'green jobs', 'green economy', 'pro-ecological management', 'labour market']"
MmguK-8AAAAJ,Azwar Hamid,1,['Islamic Banking']
RsySHIkAAAAJ,Christo Bisschoff,1,"['Marketing', 'management', 'agriculture', 'ethics', 'farming']"
CQVrml4AAAAJ,Lucy Leclerc,1,"['Leadership', 'Theory', 'Professional Development']"
HXqrWgEAAAAJ,"David A. Willis, Ph.D.",1,"['laser ablation', 'laser micromachining', 'microfluidics', 'heat transfer', 'laser-induced forward transfer']"
aUtukf4AAAAJ,Sergio f. Ochoa,1,"['Mobile and Ubiquitous Computing', 'Socio-technical Systems', 'Software Engineering']"
dmj_gE4AAAAJ,José A. Pino,1,"['Human-Computer Interaction', 'Process Modeling', 'Expert Systems']"
BP7BUQcAAAAJ,Olivier Serrat,1,"['Knowledge Management', 'Evaluation', 'Organizational Effectiveness', 'Organizational Leadership', 'Strategic Planning']"
q8NSNugAAAAJ,Barry L Taylor,1,"['Aerotaxis', 'Oxygen Receptors', 'PAS', 'HAMP', 'Microbiology']"
w9BrfOUAAAAJ,Viviane M J Robinson,1,['Educational Leadership']
K2sVKgIAAAAJ,Claire Sinnema,1,[]
IbqfdvIAAAAJ,Kimy Liu,1,"['Special Education', 'Reading', 'Teacher Preparation']"
6k2yZo0AAAAJ,"Kevin C. Chung, MD, MS",1,"['Surgery', 'Clinical Decision Making', 'Epidemiology', 'Healthcare Outcomes Research', 'Health Policy']"
X-YCorUAAAAJ,Darlaine Jantzen,1,"['nursing', 'post-secondary education', 'organizational change', 'workplace learning']"
KgZF02kAAAAJ,Kathleen M Brown,2,['educational leadership']
uf0RYKgAAAAJ,LaTricia Townsend,2,[]
X9vrWX4AAAAJ,Shanyce L. Campbell,2,"['Educational Inequities', 'Mixed Methods Research', 'Teacher Evaluation Systems', 'Teacher Effectiveness']"
d2pXGGgAAAAJ,swati patnaik,1,['dentistry']
QgfJFCEAAAAJ,Stuart C Mendel,1,"['Nonprofit and philanthropy studies', 'nonprofit management and leadership', 'civil society', 'community building', 'social enterprise']"
E9FHcfcAAAAJ,Yun Pan（潘云）,1,"['Groundwater recharge', 'Remote sensing', 'Modelling']"
1uiA5esAAAAJ,"Lenny van Onselen, MSc",1,"['codesign', 'values', 'junior designers']"
p1wLPXMAAAAJ,Brian W. Miller,1,"['Science Learning', 'Conceptual Change', 'Discussion', 'Argumentation', 'Emotion']"
8FT4lsEAAAAJ,LUIS ENRIQUE ALONSO BENITO,1,"['sociología del consumo', 'sociología del empleo', 'sociología económica', 'métodos cualitativos de investigación social', 'estudio']"
HlLH-MYAAAAJ,Carlos Jesús Fernández Rodríguez,1,"['sociología', 'relaciones industriales', 'critical management studies']"
YxMEOPAAAAAJ,Gloria Rosati Peterson,1,['Education']
UX8Q3b4AAAAJ,Michael Brenner,1,"['facial nerve', 'nerve regeneration', 'plastic surgery', 'rhinoplasty', 'facial reconstruction']"
rDEsGRMAAAAJ,Katarzyna Piwowar-Sulej,1,"['zarządzanie zasobami ludzkimi (human resources management)', 'zarządzanie projektami (project management)', 'innowacje (innovation']"
NS5mk_YAAAAJ,Ayodeji Emmanuel Oke,1,"['Sustainable Infrastructure Management', 'Digital Construction', 'Quantity surveying', 'Sustainable construction', 'Value management']"
EzRMCVQAAAAJ,Clinton Aigbavboa,1,"['Building', 'Construction Digitalisation', 'Value Management', 'Quantity Surveying', 'Construction Industry Development']"
RSG8HC4AAAAJ,MIchael Langemeier,1,"['farm management', 'agricultural finance']"
8feBiSIAAAAJ,Angie Moussa,1,[]
8lRh5kEAAAAJ,Yanfen Li,1,"['Biomaterials', 'Tissue Engineering', 'Engineering Education']"
YQvYrzoAAAAJ,Tomaz Berlec,1,"['lean production', 'agile and leagile production', 'teamwork', 'material flow optimisation', 'production planning and control systems']"
9T-EQhUAAAAJ,KAMRAN SATTAR,1,"['Professionalism', 'Student Well-being', 'Mentoring', 'Assessment', 'Teaching & Learning']"
Io8KzKAAAAAJ,Muhamad Saiful Bahri Yusoff,1,"['Medical Education', 'Validity', 'Medical Student Well Being', 'Psychometric', 'Assessment']"
NwG5x44AAAAJ,Trond Haga,1,"['Social studies - sociotechnical system', 'action research', 'industrial relations']"
X6znsd4AAAAJ,Bita Parsa (PhD ),1,['Human Resource Development']
Sd_Ti6AAAAAJ,Maria Aghazarian,2,[]
phisloAX-GsJ,Anjana  H. Bhatt,2,"['E-resouces', 'ERMS', 'Open Access', 'License Negotiations']"
H2Cm-PEAAAAJ,Eric Camburn,2,"['Professional Learning', 'School Improvement', 'Urban Education', 'Leadership', 'Survey Research']"
u4V0gOAAAAAJ,Christian Pulcini,1,"['Pediatrics', 'Policy', 'Advocacy', 'Social Justice']"
KlRzxl8AAAAJ,AJ de Bruyn,1,"['Human Resource Management', 'High Performance Working Arrangements', 'labour relations']"
SE1EZnUAAAAJ,Dino Villegas,1,"['Auto-Netnography', 'Netnography', 'IMC', 'Social Media', 'Hispanic Marketing']"
9Q0fAUQAAAAJ,Alexandra V. Radyuk (Александра Владимировна Радюк),1,"['speech strategies', 'business discourse', 'речевые стратегии', 'деловой дискурс']"
